Word,Rating
almost,1
alway,1
america,1
american,1
amiss,1
anoth,1
anymore,1
back,1
becaus,1
bedtime,1
best,1
big,1
bike,1
bowl,1
boy,1
brain,1
broke,1
care,1
checked,1
choice,1
chris,1
classic,1
clock,1
come,1
commission,1
competitive,1
complet,1
constitut,1
corn,1
dad,1
daddy,1
damag,1
david,1
day,1
deep,1
deserve,1
dessert,1
dial,1
dignity,1
dri,1
drone,1
earn,1
else,1
episod,1
escap,1
eventually,1
everi,1
everyth,1
famili,1
family,1
favorit,1
final,1
fire,1
fired,1
first,1
fox,1
france,1
free,1
getting,1
give,1
going,1
good,1
gosh,1
griffin,1
happygolucki,1
havent,1
hazard,1
heimlich,1
hello,1
high,1
histori,1
home,1
hot,1
hour,1
howd,1
however,1
hungry,1
idea,1
implant,1
ive,1
jane,1
joani,1
job,1
johnson,1
just,1
kid,1
knight,1
lady,1
leav,1
liberti,1
line,1
littl,1
long,1
lose,1
lucki,1
married,1
meal,1
meet,1
mom,1
money,1
mouth,1
movi,1
name,1
natur,1
need,1
next,1
offer,1
offici,1
order,1
peopl,1
piano,1
pound,1
president,1
prize,1
product,1
punish,1
raise,1
regret,1
releas,1
remain,1
rememb,1
reputation,1
rich,1
rumor,1
said,1
says,1
security,1
sens,1
sexual,1
shell,1
show,1
shower,1
slip,1
smell,1
smoke,1
soap,1
stick,1
stitch,1
stori,1
story,1
stroke,1
sucks,1
suit,1
super,1
support,1
surprise,1
sweetie,1
take,1
tattl,1
thatll,1
thermostat,1
till,1
took,1
toys,1
trapp,1
unbelievable,1
valuabl,1
von,1
want,1
way,1
wear,1
wholl,1
wine,1
womb,1
women,1
wonderful,1
word,1
words,1
work,1
workout,1
yard,1
yeah,1
young,1
add,1
adopt,1
ador,1
also,1
amount,1
arent,1
ask,1
beautiful,1
bottle,1
saturday,1
seat,1
seek,1
sent,1
smaller,1
smart,1
solitud,1
somersault,1
sort,1
spoke,1
spot,1
sprout,1
stepkick,1
steps,1
steptwirl,1
stewi,1
strawberry,1
target,1
thwart,1
ticket,1
tickets,1
transcend,1
transform,1
wallow,1
wants,1
warm,1
window,1
worked,1
alone,1
baby,1
band,1
behind,1
blue,1
brand,1
breach,1
buffet,1
clam,1
cook,1
dating,1
delight,1
destroy,1
detective,1
dishes,1
drag,1
flow,1
hide,1
judgment,1
labor,1
laundry,1
lesli,1
marriages,1
mobi,1
mommi,1
monitor,1
negat,1
normal,1
patriot,1
peac,1
pencil,1
pheasant,1
platon,1
polite,1
possibl,1
question,1
revers,1
shake,1
singing,1
snuck,1
sock,1
song,1
sore,1
spectacular,1
teething,1
whenev,1
admir,1
answer,1
applause,1
attract,1
base,1
borrow,1
bow,1
bubble,1
camera,1
consid,1
couple,1
cross,1
detach,1
deuce,1
difference,1
door,1
eate,1
excel,1
exciting,1
expecting,1
finally,1
functions,1
glands,1
greas,1
hall,1
hilari,1
hours,1
illeg,1
infringement,1
intrigu,1
joes,1
jurass,1
kidding,1
looking,1
magic,1
major,1
metal,1
mexico,1
minutes,1
phil,1
practice,1
prankster,1
providence,1
replac,1
ringer,1
rise,1
secret,1
septic,1
social,1
soda,1
somewhere,1
sparky,1
stain,1
state,1
sunday,1
tammi,1
technic,1
thisll,1
thunder,1
tickle,1
tooti,1
traffic,1
unfortun,1
whatll,1
administ,1
aii,1
airlin,1
alfred,1
alpha,1
automated,1
badge,1
baths,1
beauty,1
bowie,1
canines,1
casino,1
cat,1
cherokee,1
chief,1
chrisv,1
chrls,1
comedian,1
cooi,1
cradl,1
created,1
cunnlngham,1
derby,1
directions,1
disease,1
disqualified,1
elders,1
entitl,1
exotic,1
fair,1
fioor,1
firewater,1
guid,1
haha,1
ham,1
heritage,1
hors,1
hug,1
iife,1
iike,1
imposs,1
interrupt,1
ionger,1
knees,1
ladies,1
lap,1
lazi,1
lenny,1
listened,1
lll,1
lodge,1
lols,1
looks,1
losses,1
ltll,1
lve,1
manhattan,1
moon,1
mute,1
neutron,1
nobel,1
noises,1
odious,1
patty,1
pops,1
potsie,1
pragu,1
prune,1
quest,1
raffi,1
readi,1
reaiii,1
rebuild,1
replenish,1
reproduct,1
reservations,1
romano,1
runnings,1
sacr,1
san,1
sandwich,1
saunders,1
schneider,1
schnelder,1
scout,1
scouts,1
seifexpianatory,1
shack,1
shatter,1
singi,1
singl,1
sink,1
smoothie,1
sneezed,1
soapbox,1
souls,1
spiritu,1
spoon,1
sucker,1
supplies,1
sweden,1
swedes,1
swedish,1
tall,1
trees,1
truli,1
tuscadero,1
varies,1
veai,1
vision,1
visit,1
wasps,1
weicom,1
wheei,1
whimsy,1
wilder,1
yipes,1
admit,1
attempt,1
bell,1
buff,1
charl,1
chemic,1
citizen,1
clearly,1
competit,1
cost,1
forgive,1
handsome,1
impress,1
kitchen,1
nicely,1
perform,1
products,1
rubber,1
sail,1
straw,1
studio,1
summer,1
tasti,1
threw,1
ugly,1
voic,1
worthless,1
youre,1
abe,1
appropri,1
auction,1
bag,1
bean,1
belong,1
blond,1
bob,1
buddi,1
cellar,1
coffee,1
coke,1
continent,1
cut,1
example,1
falcon,1
frasier,1
french,1
glass,1
honest,1
interesting,1
jackpot,1
jehovah,1
jersey,1
jonathan,1
kidney,1
lee,1
legend,1
mansion,1
milk,1
millionaire,1
necessary,1
onehors,1
packed,1
afternoon,2
alarm,2
bare,2
sage,2
undifferenti,2
joe,2
ghastlier,2
grand,2
greatgrandfath,2
industri,2
ironic,2
mach,2
manage,2
middl,2
onii,2
ooooo,2
presid,2
profit,2
profits,2
propaganda,2
prosperity,2
subpar,2
turbo,2
wampum,2
elf,2
mario,2
rod,2
spald,3
clubfoot,3
gamut,3
gargantuan,3
jello,3
juiie,3
paiefaces,3
rainmaker,3
semicircle,3
standup,3
termagant,3
stereotyp,3
einstein,3
privilege,3
albert,3
responsibility,3
jason,3
ronald,3
viewer,3
yolks,3
negotiate,3
nosebleeds,3
plugin,3
pollut,3
programme,3
prohibit,3
sceptical,3
tolerated,3
carbon,3
behalf,3
superior,3
dawn,3
josh,3
keith,3
lightn,3
shadow,3
sixtwo,3
yanke,3
allday,3
almighty,3
anew,3
arrested,3
century,3
charity,3
columbus,3
crispi,3
darl,3
dustin,3
gerard,3
gil,3
guttenberg,3
highpow,3
hoffman,3
huey,3
hugh,3
internships,3
lafo,3
leaped,3
lubbins,3
mayday,3
meil,3
moor,3
ned,3
picard,3
polanski,3
ratings,3
roman,3
theories,3
vigoda,3
virtues,3
yanni,3
ziggi,3
danielle,3
doreen,3
ech,3
ellis,3
fuh,3
chicken,4
safeti,4
suspense,4
kemosabe,4
kraut,4
loathsom,4
spankings,4
features,4
fruit,4
james,4
owe,4
reference,4
tylenol,4
actor,4
agent,4
anna,4
create,4
distinguish,4
ideas,4
local,4
recently,4
whether,4
whoever,4
bright,4
cooking,4
curl,4
establish,4
lately,4
mud,4
strength,4
timer,4
agreed,4
circumstances,4
explan,4
hollywood,4
kati,4
sense,4
impressive,4
legal,4
monday,4
opposit,4
princip,4
youth,4
central,4
colour,4
dry,4
empti,4
exhibit,4
inspir,4
mask,4
series,4
stickers,4
toothpaste,4
volume,4
kay,4
lifeguard,4
mallard,4
matchbook,4
neofeminism,4
newspap,4
repatri,4
rounds,4
sanctions,4
schoolteacher,4
shortly,4
skinnier,4
taffy,4
technicality,4
telegrams,4
trampoline,4
understands,4
bartend,4
chute,4
expert,4
grape,4
joshing,4
latin,4
newspaper,4
shelf,4
sodium,4
stature,4
synch,4
xerox,4
flat,4
prepared,4
pro,4
quot,4
stool,4
ambiti,4
applaud,4
brainstorm,4
circular,4
foil,4
greet,4
dollars,4
higher,4
interns,4
polls,4
rate,4
salary,4
sox,4
stern,4
yelp,4
yum,4
packet,4
rsvp,4
wager,4
association,4
pepper,4
ebay,4
ghosts,4
lever,4
smells,4
choices,4
demonstr,4
domin,4
insan,4
refriger,4
sting,4
sullivan,4
wassup,4
wellread,4
yah,4
benevol,4
bodyfat,4
brightey,4
cheapest,4
cheerier,4
chequers,4
circulatori,4
colds,4
commot,4
condens,4
consecr,4
constable,4
consum,4
crater,4
deepseat,4
diabetes,4
dose,4
doses,4
double,4
drycleaning,4
eager,4
evolutionari,4
exhilarating,4
footag,4
freezeframe,4
fruitless,4
glamor,4
hectic,4
inner,4
irrelev,4
jeanluc,4
kissable,4
lassenbe,4
lassenbee,4
lover,4
media,4
mucus,4
obtain,4
onair,4
ooze,4
orthodont,4
outer,4
pavement,4
paw,4
peaks,4
peanuts,4
perky,4
pitterpatt,4
primordi,4
pushup,4
realworld,4
remainder,4
remedi,4
reschedul,4
roughandtumbl,4
rout,4
schedule,4
slowmo,4
soundeffect,4
stonecold,4
stones,4
stossel,4
stratego,4
substantial,4
surfac,4
sweetn,4
tongues,4
trace,4
tricycl,4
trikey,4
turmoil,4
understat,4
unpaid,4
wapner,4
ahem,4
antihistamines,4
appendag,4
apprentices,4
assertive,4
balloons,4
bummed,4
cemetery,4
cerealbox,4
cheeks,4
chef,4
cinderella,4
conveyance,4
daddies,4
demolit,4
development,4
discourag,4
drunkie,4
excited,4
explainest,4
fairi,4
fizzl,4
fizzle,4
forfeit,4
forgetful,4
frock,4
gander,4
gaug,4
genghis,4
geocentr,4
godtoilet,4
haemorrhoid,4
bug,5
bunk,5
grenades,5
snappi,5
whini,5
gimm,5
ghouls,5
insect,5
lndian,5
lndlan,5
potations,5
savages,5
dawson,5
file,5
film,5
passengers,5
promised,5
reporter,5
sandy,5
shadows,5
simmon,5
tests,5
valley,5
worn,5
auditions,5
creatively,5
parts,5
produc,5
reduc,5
theater,5
unite,5
angels,5
audience,5
blank,5
comic,5
guarante,5
lotion,5
pregnancies,5
presentation,5
rees,5
retreat,5
sale,5
acn,5
alley,5
bryant,5
canceled,5
checking,5
craig,5
emmy,5
fib,5
heal,5
hurri,5
nbc,5
nelson,5
nowhere,5
powers,5
sap,5
accustom,5
betsi,5
campaign,5
ceas,5
cianci,5
competition,5
curd,5
debat,5
dismiss,5
fridg,5
grew,5
grownup,5
iook,5
magazines,5
mustard,5
ointment,5
overwhelm,5
period,5
response,5
speci,5
starters,5
voter,5
votes,5
advantag,5
backward,5
dealer,5
museum,5
sticker,5
straighten,5
baldwin,5
bib,5
brendan,5
cameraman,5
cheese,5
confession,5
erica,5
filter,5
fran,5
gallagher,5
resolv,5
sha,5
timber,5
kinder,5
kleinerman,5
latoya,5
missin,5
mulva,5
narrow,5
peterland,5
petoria,5
provinc,5
republic,5
rudy,5
sam,5
states,5
stratford,5
swimmin,5
tickl,5
treason,5
treaty,5
ulyss,5
worldll,5
admiss,5
bevi,5
crafty,5
pembrok,5
ricky,5
sued,5
troubles,5
vaniti,5
cheech,5
clarinet,5
pine,5
thumb,5
apart,5
bucket,5
concert,5
duffel,5
hmm,5
nudi,5
whoop,5
woods,5
addiction,5
filipino,5
itit,5
coastguard,5
gwyneth,5
hertz,5
hitch,5
ideal,5
isol,5
julio,5
motion,5
nicholson,5
oprah,5
origin,5
paltrow,5
performance,5
pigtails,5
premier,5
residence,5
ron,5
skiing,5
starbucks,5
stew,5
talented,5
woodpeck,5
zack,5
aaagh,5
antismok,5
conglomerate,5
fdr,5
hill,5
kenneth,5
mail,5
orchard,5
overdue,5
patti,5
peach,5
peaches,5
perk,5
perks,5
potteri,5
tyson,5
vegetable,5
vice,5
maid,5
plum,5
cuttin,5
gender,5
uterus,5
bayonet,5
choosers,5
chopper,5
conspir,5
cruelti,5
dismemb,5
downs,5
repuls,5
unpleasantness,5
deadbodi,5
effemin,5
funeral,5
babi,6
damn,6
drug,6
weed,6
addict,6
selfish,6
sucked,6
terribl,6
tough,6
trauma,6
treacheri,6
crimin,6
foolish,6
hurting,6
dumb,6
hostag,6
psycho,6
dullwit,6
iobbi,6
lndians,6
misfortune,6
moocher,6
dumont,6
pricey,6
sweeti,6
teen,6
capri,6
dumpi,6
marbl,6
ninja,6
quarry,6
richer,6
sassi,6
sequin,6
spider,6
typewrit,6
bottom,6
fudge,6
urine,6
courag,6
crisco,6
daniels,6
fleas,6
garag,6
guts,6
hail,6
hunger,6
phony,6
priceless,6
quarterback,6
raspberry,6
slick,6
squares,6
termin,6
bankruptci,6
candid,6
misbehaved,6
nasti,6
rack,6
ragin,6
rectal,6
scari,6
squar,6
humiliating,6
rats,6
rifle,6
beard,6
broom,6
chatterbox,6
cheerlead,6
cigarette,6
coloni,6
crook,6
dorki,6
hairy,6
spun,6
ioyal,6
jess,6
libya,6
liddi,6
malcont,6
manuel,6
muammar,6
petorian,6
roundtabl,6
rubadubdub,6
stranglin,6
unbounded,6
uspetorian,6
felony,6
oldtim,6
papers,6
seduc,6
sensat,6
treats,6
incredible,6
inebri,6
saltwat,6
whoohoo,6
minc,6
intellig,6
miner,6
proof,6
twisted,6
hemingway,6
incred,6
transvestit,6
smoker,6
strippers,6
snoring,6
arrog,6
condescend,6
ejacul,6
phoni,6
aaaghhh,6
aaghhh,6
armpit,7
cigarett,7
cigarettes,7
crank,7
drunk,7
blow,7
fake,7
fatty,7
frozen,7
nose,7
phooey,7
sprinkles,7
stinky,7
enslav,7
gambl,7
greedi,7
mexican,7
cheap,7
drugs,7
airport,7
bonding,7
crack,7
lad,7
las,7
neil,7
roast,7
sew,7
shock,7
whoah,7
naughty,7
witch,7
assemblylin,7
dinks,7
hiphop,7
nudity,7
oppression,7
snafu,7
bang,7
callaghan,7
lubbin,7
surprised,7
inny,7
jeffie,7
johio,7
maniac,7
manjail,7
poopy,7
slobodan,7
whaaaa,7
dinosaur,7
hulk,7
stinkin,7
dork,7
chowderhead,7
crackpot,7
geek,7
gunman,7
candyass,7
adolesc,8
amniot,8
anniversari,8
ascens,8
attica,8
castrated,8
gulag,8
heil,8
midget,8
nake,8
nicaragua,8
runt,8
swine,8
fonz,8
fonzle,8
gambling,8
homosexuai,8
diarrhea,8
blacks,8
bounc,8
bubbl,8
buckl,8
jerk,8
ruthless,8
stripper,8
vain,8
vegas,8
won,8
worthy,8
casket,8
slap,8
musket,8
survivors,8
infidel,8
jujujujujust,8
lardo,8
pigdog,8
slappywag,8
slaves,8
balls,8
lame,8
bully,8
mutton,8
bigass,9
feces,9
testicular,9
uterin,9
fonzie,9
crisi,9
hijack,9
kidnap,9
pope,9
ransom,9
boobs,9
nippl,9
vaginas,9
ugh,9
petronemoslappywag,9
maggot,9
bitch,10
adolf,10
asylum,10
butt,10
oslut,
,
sodomy,10
porker,9
rebelli,8
nobility,6
satisfied,5
wench,7
weirdo,8
hootenanny,7
hogg,6
sorryass,9
skittles,6
thug,7
sceptre,7
sheriff,6
mullet,8
fatass,9
bodili,7
bumblescum,8
grows,6
grandpappy,6
grabber,8
fur,6
gingivitis,9
facials,9
acquaintance,4
arthritis,8
aaaaargh,5
butts,6
condom,8
deeper,6
host,4
intend,5
ajs,
,
phasers,5
cheerleaders,8
cheerlosers,9
colt,7
cot,6
dashiki,8
defenestrates,10
mustnt,7
newli,6
saddlin,7
slaveown,9
diaphragm,5
eighti,8
entertainer,2
equai,6
exchange,1
exwif,9
fantas,7
fastlane,1
firefly,3
fllm,4
foui,8
freakylinks,9
fudgie,7
garfield,4
geppetto,8
gibson,2
grader,1
gunmen,5
hamstrings,1
heroic,3
honeymooners,2
intercours,7
keen,1
kllled,9
large,1
lopez,4
mackerei,8
mackerel,4
mananananana,10
mei,1
multimilliondollar,1
mumbo,5
mustachio,7
nall,1
nermai,1
nermal,4
novel,1
novellz,1
families,2
favors,2
fogelberg,1
givesiesbacksies,8
hawkins,1
ionely,1
mammogram,2
medication,1
minority,3
mocking,6
mojito,4
mold,4
oates,1
obligated,1
pharmacy,1
pimple,5
plasto,4
popazit,6
puspeak,7
reader,1
reallif,1
saddleback,1
sienna,1
snork,4
snorks,5
staged,1
threedimensional,1
traitor,3
trevor,1
vandal,4
voicemail,1
whitehead,4
workload,1
zit,5
zitface,6
cameron,1
convent,1
division,1
jeremi,1
jimini,1
marijuana,5
mumbles,1
older,1
paula,1
ripoff,1
teleport,1
transfer,1
behavior,1
betcha,3
brite,1
corey,1
csection,1
jami,1
malcolm,1
mufflers,1
mumbling,1
outburst,1
raw,1
smuggl,3
stops,1
thorough,1
wherev,1
agency,1
contraband,5
disguise,3
wildest,1
concerned,1
keller,1
landau,1
lawrence,1
salti,1
senses,1
sizzler,1
subtl,1
absence,1
accus,1
bells,1
exhusband,1
featur,1
folksi,1
hardest,1
kobe,1
levels,1
magnet,1
moore,1
quag,1
sideways,1
stroller,1
superhero,1
swept,1
ulrich,1
airlift,1
astronaut,1
backtoschooi,1
baked,1
bangbangbang,2
beau,1
biologicai,3
boomboom,2
bountifui,2
bridges,1
bunsen,1
caffeinefree,1
camelot,1
cereai,1
cheeseburg,1
clipper,1
clitterati,1
complex,1
confused,1
contin,1
coolers,1
corps,1
coworker,1
cynthia,1
deem,1
demot,1
dope,2
economy,1
engag,1
federlin,1
festivai,1
gehrig,1
genit,1
gogo,1
gorack,1
happier,1
hidalgo,1
hut,1
hygiene,1
jitterbug,1
joyous,1
laughed,1
loka,1
muscular,1
musicai,1
nevada,1
nich,1
nickei,1
ofdeadwood,1
oleki,1
paddles,1
particip,1
paui,1
pesci,1
pieceofcrap,1
preserves,1
priestess,1
reiser,1
remington,1
rendit,1
richest,1
scroung,1
seethes,1
sinewi,1
sole,1
squabbling,1
steele,1
swamped,1
thins,1
toxin,1
undeserv,1
unusuai,1
vitallty,1
warlock,1
whatv,1
worstcas,1
yugoslavia,1
zimballst,1
cindy,1
cornerston,1
dingal,1
emmi,1
fools,1
oncom,1
overpass,1
returns,1
shakes,1
stuffi,1
whatsoever,1
boredom,1
droll,1
focus,1
illegal,1
pressure,1
property,1
thick,1
woodstock,1
allowance,1
cheesy,1
evenings,1
herbert,1
miscalculation,1
sailing,1
sweati,1
microwav,1
victor,1
wooden,1
abomination,1
adornment,1
anaemia,2
announcers,4
baptis,7
baptised,8
bates,6
befriendeth,5
blindness,3
cagney,6
christay,8
christianity,3
cometh,5
dennehi,6
dewar,4
downy,6
eas,4
erectil,7
faceoff,5
fonzarelli,7
fonzi,6
germfre,5
grandson,3
housewives,6
imitators,4
immigrants,6
immun,5
inlaws,6
innerc,5
isla,3
jeopardy,4
jesusay,8
kai,4
kimmy,3
korean,6
lindsay,3
lohan,5
lumbergh,6
macleod,4
megaphone,5
mormon,7
nevill,5
newhart,4
notjoin,6
pains,3
pathway,4
permanente,5
phillip,4
poorhous,6
praised,3
preach,5
putti,4
react,4
reassembleth,5
rejuvenation,5
reverend,4
richi,6
robes,3
rodman,4
saltwater,6
sayeth,7
selfdelivered,4
shipment,5
smacked,7
sniper,7
sorts,4
stubing,5
suffereth,6
tainted,7
tales,3
tiffany,4
tuscaderos,6
unfettered,5
unsight,5
ventilation,6
visualis,4
vulner,5
walks,4
warts,3
weaken,5
whippet,7
whizbang,6
worrying,4
worshipped,6
yearn,4
yummy,2
celtics,4
clichÈ,8
laws,6
parachute,5
struggle,4
triscuits,5
ballsy,7
bbbbbb,8
bbbbbet,6
bingum,6
blitz,7
boogley,5
bygon,6
bygones,5
carriage,5
channing,6
cocki,7
costas,6
cramsat,5
crang,4
cropper,5
dealership,6
diego,4
eighttrack,5
esophagus,6
fogia,4
forsak,5
gam,3
gloat,6
gogal,5
grudg,3
haircut,5
heritag,3
hurley,5
hussy,6
jenkins,4
kickoff,4
kleeman,5
knockknock,7
maxx,5
moistur,5
moustaches,6
nannies,5
nogal,4
ooooooh,7
outlast,6
psychic,3
psychopath,7
sationsations,3
sculpture,5
shoving,6
showboating,7
sniffers,4
subaru,6
subarus,5
tapes,5
teammate,3
touchdown,4
toughen,6
trang,4
treach,6
tremend,3
wilkin,4
abort,6
alec,5
amendment,4
areola,7
ashton,6
bbbbut,6
bitten,5
bowels,6
bras,5
breastfeed,6
celin,4
ceram,4
circle,5
coa,5
concrete,5
conson,4
dalmatian,5
diggin,4
dimens,5
engorg,6
explore,5
fin,4
firecrackers,6
flossing,4
galaxy,6
gashmoigin,7
giggetygiggety,6
giggoogeti,5
karra,5
kebert,4
kutcher,5
laughfre,3
magical,4
misconstrued,6
montrachet,3
moppishness,5
neighborsar,5
odor,6
oncegreat,5
parliaments,6
pilfer,4
potsandpan,5
printer,5
pud,4
quagmired,5
regis,5
rights,6
seaweed,4
showcase,5
sissyman,6
spacecraft,6
spectacle,5
speedway,6
suicidal,9
whipem,8
xela,7
yoself,8
zombie,6
slipperi,5
squirrel,2
applaus,1
cared,4
entri,3
hits,2
ingredi,3
mutant,2
sauna,1
smear,2
survival,1
turtles,2
granddaddi,10
greenberg,8
publish,1
publisher,1
lowell,3
matchbox,5
megaultrasuper,8
messing,4
newlyweds,3
nonobodi,5
onions,4
oogie,6
outstanding,2
perlman,5
pert,3
photographer,2
poops,6
pugly,7
punctur,6
ranchand,5
reattached,5
rehnquist,6
repair,4
rhea,4
rhinequist,6
savon,5
scot,4
secretary,2
select,4
shalhoub,5
shoppin,4
skinemax,7
squint,6
steno,4
stoop,4
stunning,2
tense,4
thththe,6
truthishly,5
upward,4
werewer,7
wewer,7
crusade,2
dismissed,4
frost,5
hopeless,4
liam,5
neeson,6
nnot,5
nonsens,5
opportunities,3
peterson,5
qaeda,7
quieter,4
rattl,5
rival,4
text,4
unsafe,5
whend,5
ads,3
anyplac,5
barncliff,6
blankie,6
bleeping,7
broney,7
brow,4
brows,4
cancan,5
cheapo,6
cheetah,6
classi,4
cleanin,4
colorful,3
csi,4
darker,5
farc,4
flintston,5
floatin,5
fuad,6
fuller,4
growing,3
heckl,6
heroine,6
hesseman,6
hic,6
hopalong,6
iit,6
includes,4
insulin,5
leve,5
levee,5
liotta,5
mac,4
mainstay,4
maze,5
mcnugget,6
meters,4
mugged,5
nussbaum,6
ohhoho,6
orlean,5
oror,5
overblown,5
peart,5
peoplewatch,4
porterhouse,6
pouty,6
prod,5
promin,4
proton,4
pubes,6
qbert,6
rocknrol,5
roundly,5
sandbag,5
sandra,5
scissors,5
selection,4
sexless,6
shrubberi,6
skyline,5
smilla,5
sophisticated,3
spaghettios,6
spokesperson,5
stat,4
suicidy,6
textur,5
uncur,5
underachiev,5
unicorns,6
unnecessary,5
uptight,6
vageena,8
wallets,5
wamprat,6
academi,2
dialogue,4
giraff,5
morris,5
rolling,4
bandit,5
connecticut,5
dna,5
sleeve,4
suspens,5
allo,4
alloo,4
ambulances,4
boniestfing,6
bonner,6
broth,4
capita,4
christensen,5
cubes,4
deepest,5
disgrac,5
finale,4
flannigan,6
govment,4
grasshopp,5
grasshopper,5
guiness,5
hardwar,5
hayden,5
hennesy,6
hmmhmm,6
hypnotherapist,6
loggia,5
mcfinnegan,6
mcnutley,6
mcswiggen,6
misbehaving,5
monogamy,5
morrison,5
nerves,4
nostril,5
nun,4
obrian,5
oldtimey,5
peepant,6
peepants,6
pennyappl,6
pennyapple,6
pint,5
pugilist,6
reasoning,4
repressed,6
rsvping,6
scarves,5
severe,5
shaughnessy,6
shillelagh,6
spleen,5
stereotype,5
sti,4
teas,4
tennesy,6
teresa,6
tramp,5
tua,4
turning,5
vaction,4
viii,5
aquatic,3
ballroom,2
beatoff,7
benign,1
bloks,4
brokeback,8
bulli,6
bullied,7
buttface,5
chicago,1
copernicus,1
dalayheehoo,5
devon,1
dorky,3
eartha,1
flake,2
fluid,1
flutter,2
fulcher,1
greeter,1
imit,1
jerky,4
kicked,2
kokomo,3
lardass,6
aladdin,5
alia,6
amnesia,3
babyand,7
besom,4
blamed,6
boyfollow,8
cia,9
disappearance,4
disappointing,3
doesntreal,5
enoughbrian,7
fastdid,6
finalizada,4
flakes,7
forwardal,6
godpeter,8
hahahahahayour,9
hahahahajust,8
haventofficer,7
hilary,3
hopethey,6
imprint,4
katie,3
kiddingyou,8
knowh,5
larson,3
loisim,5
loiswel,5
lookdo,5
lookingfor,6
lookslik,6
mackdonald,6
masses,7
megyour,6
mightb,6
migrant,7
minions,8
minuteyou,7
myselfhow,5
nother,5
offi,5
ofhi,5
olie,5
onenumb,6
opennow,6
peterim,5
pissi,7
pointblank,6
postcard,7
saketh,4
schematics,4
seor,6
simulacion,4
simulation,4
snivel,7
squeeze,7
stewiew,6
straighttovideo,5
supermanh,7
supremacist,8
swank,6
terribleevil,8
thatsuh,4
theoretically,3
threenumb,6
towni,6
unwash,5
yalls,6
yeahyes,6
yeseveryth,6
allianc,3
alqaeda,9
americanequival,7
areal,5
boe,4
buddhist,5
buildings,6
capable,4
celebration,6
cest,3
citizenship,6
cocacola,6
collection,6
companywid,6
deport,5
diabet,4
diabetic,4
doyou,6
dreamed,5
foreigners,6
fortyone,5
gerardo,5
getthat,6
gimgimgimm,8
goingto,6
gonzal,5
groundskeeper,6
handout,5
handouts,5
hereso,6
hometown,5
imimyou,8
immigrant,7
ins,5
irishman,5
julyi,3
kellogg,5
kryptonwa,7
lgi,4
mayo,4
menudo,5
missyour,5
muequita,6
nad,3
nonamerican,6
noriega,5
original,6
outdoor,6
parano,4
pregnancy,5
quagmireand,6
quicklyquickly,6
realist,6
reallymak,6
reynaldo,5
sacrif,4
sargent,5
savings,5
senorita,6
sharpie,6
skimp,5
speedi,6
stepparent,6
subarro,5
synchro,5
takeon,6
theland,5
thenand,5
therebel,6
theresa,5
toolsh,6
tosleep,6
towna,6
uhon,5
umbrellawould,5
uninjur,5
valderrama,5
vital,5
waitwait,6
weekdays,6
whackadoo,7
whopper,7
wilmer,5
ableto,5
absolutelywhat,8
achekind,5
aficionado,5
alpo,6
alreadyexplain,6
alwaysw,6
andeanht,6
andim,7
anotherbeer,6
areso,6
aru,5
atrocities,6
babada,7
baboobadabeebadababada,8
baffled,5
bba,5
becometh,6
beenthre,6
behang,5
behin,5
belik,5
bemor,5
bitof,5
bodyi,5
boopy,7
boppabo,7
brianlet,6
buhda,5
cado,6
callingth,6
cantspeaalia,8
charcoal,6
chau,3
clea,5
cmate,5
cobe,5
consumur,5
coolldren,7
coolness,6
crapand,6
culturei,5
cynicism,5
dacow,6
dadbi,4
delicioushamburgers,6
divisions,4
doesntsound,7
dummi,8
educated,3
elp,9
emif,9
enjoyingmyself,2
enoughwell,5
expensivecardrivinvin,8
fairytal,2
faultmcburgertown,7
fchoolpplieso,9
flopr,7
foodbut,5
franchis,5
gallon,4
getti,4
gladlypay,6
godther,4
gonnaget,4
goshyeah,3
gotfrom,4
gratitude,2
griffinha,3
guessed,5
guywho,5
hadlik,5
hamburg,2
hamsteryou,6
hasa,4
havemin,5
haveno,5
heardabout,4
heay,3
hel,3
hellyou,3
helptak,6
heson,4
hfr,7
hin,3
hschool,6
husbandha,5
individualism,3
inhale,6
iss,5
isthat,5
iti,5
itsin,5
itto,5
jumpingoff,2
lameeveryth,7
lifetimesuppli,4
liha,6
lockers,5
lout,5
lucas,5
manipulate,4
manth,5
maybeuseu,4
mcburger,5
mcdermott,5
meand,5
mear,5
medon,5
meon,5
meowsi,5
meyers,5
minutesi,4
moool,5
mostlymi,5
mpukid,4
multin,5
mustachecom,6
mustachelessness,6
mustacheth,5
myalter,3
myspac,5
myspacepag,5
namei,5
nedthat,4
needslisten,4
nightat,5
notfund,5
odyouick,4
olgambl,5
omg,6
onmi,5
otri,5
pahre,5
painof,5
patrioticslam,6
placea,5
planefin,5
pornziou,6
praal,5
quarterly,5
raptur,4
reallywhat,5
rescuedfrom,4
revengeon,4
righog,5
sawyer,5
scuzzi,4
seena,5
setback,5
shider,4
shouldreal,5
sideview,5
siryou,5
slaughterhous,7
slaughterhouse,7
snarki,6
somehash,5
someonecal,5
someoust,5
somesalami,5
sometimesmi,5
songsand,5
spacethan,5
spacethat,5
stakes,5
staringa,5
strawpenny,5
strokestroke,5
strokey,5
subscript,5
sucha,5
sunrisein,5
supposeif,5
swearill,5
sweethearthow,5
takeyou,5
tark,5
tfe,7
thativ,5
thebuzz,5
therei,5
theresn,5
therev,5
thil,5
toanal,5
toexpress,5
toth,5
tous,5
trumpedtethered,6
upscal,5
upsetabout,5
valleysunday,5
veryspl,5
vitriolic,5
wardoing,5
waybett,5
weong,5
whativ,5
whawhi,5
whhat,5
whoreh,4
winand,5
wipur,5
wmustacheslook,6
wom,5
woohoo,5
wooo,5
worlda,5
wouldn,5
wthe,5
yeehaw,6
yon,5
youguy,5
youhav,5
youknow,5
younk,5
yourend,5
yourselfserv,5
youvelost,5
youwink,5
yoveput,5
zac,5
zacanyth,5
amenities,3
arena,4
assla,8
awayi,5
bareback,6
birch,5
cambodian,4
cedar,5
chungeveri,5
clair,5
colon,6
conclus,4
contend,5
copacabana,4
cruso,6
damnplay,7
daves,5
daybreak,5
eats,5
essay,5
exgirlfriend,9
eyesight,5
feldstein,5
flashbacks,5
foghorn,6
forthi,5
gdad,8
geta,8
handkerchief,4
handlemanwhen,5
helloi,7
hydrox,7
identiti,6
igonna,6
ihanghang,6
imageplan,6
intelligence,3
interpretation,4
jose,6
justlemm,6
lasik,7
leapin,6
leghorn,6
likeit,7
lizards,7
loved,8
mallet,4
mandi,5
meghi,5
minim,5
misfire,6
notgloria,7
ofhad,6
onthi,6
pariah,9
passag,5
passporttitl,5
pei,6
pennsylvania,6
peterbut,6
peterhav,6
peterjoe,6
peteryou,6
promote,6
pukey,8
realreal,8
recorded,5
rentit,6
rightal,6
saidhel,6
scaffold,6
schnoopy,7
scooter,7
slambang,8
smothered,7
spade,8
sparse,6
starlet,7
starlets,7
storyeven,6
supplier,6
syllables,6
tasting,7
thatshappen,7
thatsridiculous,7
theresnoth,7
tva,6
uhkat,7
vineyard,6
washer,6
weara,7
witherspoon,7
wolf,8
youbarry,7
armflail,9
monti,6
psycholog,6
python,7
tubeman,6
warehous,7
nicole,7
shiny,7
spices,7
alright,6
fetus,8
elvis,8
profil,6
specials,6
unawar,6
gus,6
afghanistan,6
arabia,6
onlin,6
prius,6
slim,7
treasur,6
brandon,6
fifti,6
tips,5
actors,6
michelle,7
paralyz,8
sherry,7
throwing,6
verified,6
muffins,5
properly,5
tush,5
connors,6
aaaaaa,7
aaaaaaa,7
aaaaaaaaaaaaaaaa,10
aaaaaaah,9
aaaaaah,9
aaaaah,9
anally,9
aquafresh,7
armani,7
australian,7
awaits,6
bias,6
breaker,6
camryn,7
casual,6
chernin,7
collaboration,6
contus,6
copperl,6
coulter,7
credits,6
def,6
definition,6
degeneri,6
deserved,7
devast,7
distort,6
dya,6
eeuugh,8
emit,6
fedex,7
feedback,6
format,6
formul,6
foxy,7
funniness,6
giddi,7
griffen,7
grin,7
guantanamo,8
hahaa,8
handi,7
handicapd,7
handiquack,8
handiquacks,8
hmmmmm,8
hmmmmmmm,9
hothothot,8
hyni,7
hypocrites,7
interior,6
investigate,6
jiggajigga,7
lar,6
latim,6
latimer,7
lettin,6
malcolmjamar,7
manheim,6
metallica,7
naah,6
nealon,7
neanderth,7
obsolete,7
parsha,6
perspect,6
quacks,6
realise,6
recognit,6
referenc,6
rhonda,7
rogan,6
savag,6
shade,6
subtilti,6
suitcas,6
sweating,6
timeslot,6
uhcarrots,7
unscrewin,6
uuhyeah,7
wwwell,7
yackityyak,7
yknow,8
ynow,8
yukk,8
buildup,6
clicker,6
eater,6
kodak,7
moderation,6
pois,1
scifi,1
serve,1
shamrock,1
symptom,1
transport,1
ahhaha,7
altight,6
antipot,8
artificial,1
beebo,7
bool,1
castl,1
cattitud,5
commiss,1
containers,1
critics,1
doof,7
doogi,7
eeerrrr,5
ehoh,5
ermmm,5
fishes,1
forl,1
franc,1
guis,1
hearst,1
hemp,1
hijinks,3
hypocrite,1
impass,1
inexpens,1
jig,1
kumar,1
lawnmower,1
lele,1
lletlet,1
manufactur,1
mart,1
mediocrity,1
mencken,1
morality,1
oheh,6
ohehohhhhh,9
pharoah,1
probat,1
pus,2
randolph,1
reillegalized,1
rites,1
rocketeer,1
saget,1
scratc,1
sexier,3
showmanship,1
slandered,2
superstar,1
ummm,1
wal,1
wayward,1
whatta,1
ysee,1
caviar,1
classy,1
heidi,1
ignore,1
june,1
receive,1
strikes,1
bogg,1
giggiti,1
jagoff,2
mangl,1
outdat,1
asians,2
delet,1
farthest,1
fig,1
frieda,1
happili,1
hearti,1
mermaid,1
misspel,1
muslim,2
profile,1
promo,1
sire,1
thiev,1
bred,1
intrud,1
transparent,1
tweet,1
candles,1
evict,1
icon,1
disarm,1
fam,1
grunts,1
ily,1
adlib,1
archaeologist,1
bimbos,2
binding,1
captor,1
chesterfield,1
chifforobe,1
clif,1
compatible,1
consolation,1
constipated,1
davenport,1
divan,1
divorced,1
dominicks,1
fender,1
gigs,1
godroad,1
hou,1
housei,1
immatur,1
jockey,1
lasagna,1
magnesia,1
otherworldly,1
pinched,1
pleased,1
rae,1
ration,1
release,1
roa,1
shadowy,1
sharpen,1
shia,1
stagecoach,1
streetcar,1
tandi,1
timeless,1
tiny,1
trampy,1
trough,1
upside,1
whitney,1
whoope,1
whos,1
whwhwhwhat,1
wordy,1
akbar,1
allahu,1
crackling,1
marathon,1
squealing,1
accountants,1
adoption,1
agamemnon,1
amazingly,1
appointments,1
bandaid,1
beeps,1
birthmas,1
blanki,1
bloodsh,1
bubsi,1
buzzes,1
cackling,1
chases,1
cointen,1
coos,1
dal,1
dialing,1
dissatisfi,1
dissolv,1
duli,1
endeavor,1
enlargement,1
favorites,1
flintstones,1
flump,1
framptal,1
froggin,1
giggitygiggity,1
guj,1
handy,1
healthier,1
helper,1
hormsburg,1
httpwwwseriessubcom,1
httpwwwusubnet,1
impressionist,1
impressions,1
index,1
jer,1
kanduzi,1
kenpao,1
kuzikistan,1
massacre,1
mohegan,1
narrowli,1
nemesis,1
nitpicky,1
nonsexu,7
nownow,7
olbrian,7
overturned,5
pacifier,4
painintheass,9
palestinian,3
poos,6
recept,5
remembr,6
restless,5
retro,5
shrunk,6
shrunki,7
simpleton,8
skywriting,5
spending,4
spinki,6
stable,4
stopping,4
tarp,5
trolika,6
tromwibbler,7
turzir,6
uneasi,5
wade,5
welfencloppers,7
wetem,6
whomper,6
wubsi,6
wyman,6
yabbadabbadont,7
coughs,4
moist,7
recip,5
used,5
aiken,5
bbird,5
cheered,4
crabgrass,4
daughters,3
diggiti,6
fadeseason,5
fadewwwseriessubcom,6
faithful,3
flute,5
kix,5
klutz,6
letterbox,5
lightheaded,5
nemesi,8
overjoy,4
pineapple,4
pinki,6
porcupin,6
rememberem,6
reteach,6
siegel,5
silverware,4
siskel,5
slate,5
snub,6
surveyed,5
tiffani,6
tomax,6
ultracinemascop,7
uzi,6
wwwusubnet,7
xamot,6
bacn,7
bactin,7
bactine,7
bonerbring,9
boobysprout,9
boomin,7
boutonnir,7
braill,6
bsing,6
butterflies,4
buzzwords,4
chadwel,6
citibank,5
compellin,6
confident,4
consumin,6
coyli,6
defeats,5
disparag,6
dominatrix,8
effervesc,6
efforts,5
estell,6
estelle,6
fortifi,6
fundament,5
gaspard,6
gerbitz,6
groomindown,6
heath,5
imperson,5
intergalact,6
jojo,4
lifesaver,4
megarocking,5
monticello,4
oppose,5
optimist,4
outcom,6
panach,6
parasit,6
pfenig,6
pillowtalk,5
polli,6
posh,5
psychicness,7
psychics,7
relative,5
responses,5
robotstrength,6
scour,6
scrote,7
selfpossessing,6
snail,6
somethinjust,6
soothin,6
spurt,6
stimulating,5
stupefying,5
sunda,4
sundae,4
superthril,4
suprimerstewie,5
theoret,6
thoreau,6
ultraswinging,7
uneas,5
wettest,6
wishfulfilling,5
yoohoospil,7
actin,6
badger,6
congressman,5
contacts,5
drugstor,5
gummi,6
kangaroo,6
stapl,6
unplug,5
abs,6
armageddon,5
avert,5
battlefield,5
bloodsplatt,6
bluster,6
bluto,6
buggin,6
cavalrymen,6
chandler,6
consumed,6
contamin,6
councilman,6
countdown,5
crouch,5
dandybal,6
destro,6
dicks,6
disingenuous,6
embed,5
envious,5
expanding,5
featherbed,5
fecal,6
gape,6
grenade,6
halfdigest,7
happ,4
hastings,6
homoerot,6
interests,5
jokin,6
jujuled,6
legsaspread,7
liono,6
looting,6
maw,6
montecore,6
mraz,6
muscles,5
neptun,6
onel,6
oscars,6
ottoman,6
panicky,5
pluto,6
polefancies,6
praying,5
prejudic,6
prosecut,6
rapaci,6
reliv,5
selected,5
semencov,9
shriek,6
slinky,5
sonny,4
stronglyword,7
sunglass,4
threadcount,5
trapjaw,7
unpermit,7
vaginya,9
viewmaster,4
wellabirdbirdbird,3
wetwilli,9
widespread,2
windpipe,6
xbox,3
youknowwhat,8
looklook,3
tic,6
hesh,4
wieners,8
destination,2
distribut,2
hhhold,2
obama,2
workplace,2
chewi,4
crashes,2
diver,4
hissing,6
takei,5
madness,3
miscarriag,8
strongest,3
whiskers,4
clues,4
twitter,3
carpool,3
hummer,4
kenni,4
befriend,4
bloodiest,3
longstand,3
mccartney,3
mikes,4
opt,4
owlery,5
passions,4
prematur,5
snorts,5
splashing,4
vine,4
gonorrhea,9
punches,6
amazon,4
boxes,4
ookay,5
predat,5
published,3
batter,4
biel,4
chemotherapy,8
document,4
feral,5
flock,4
howling,6
inbreeding,8
landon,5
lexus,4
liveact,4
notar,4
practical,4
reli,4
scraping,5
selfless,4
shrieking,7
whooshing,6
wiz,4
abuzz,5
auditorium,4
briefs,4
bront,4
capac,4
caption,4
coherent,4
compatibility,4
dialysi,4
donor,4
eggert,4
equipment,4
eyre,4
forty,3
gizzard,5
jiggi,4
kerosen,6
kerosene,6
lockhorns,4
loom,4
lotta,4
mansiz,4
muff,4
nimoy,4
outshin,4
paramedics,4
patients,4
reroof,4
savin,4
shadedin,4
shingles,5
sibling,4
sincere,4
spockfox,4
spous,4
thirtytwo,3
tile,4
triangl,4
uninterrupt,4
weaver,4
whassat,5
wordsmith,4
wuther,4
amnesti,5
bach,4
commun,2
convict,5
ernest,4
miata,4
temptat,5
christopher,4
sie,4
brakes,4
entrances,4
asianamerican,3
breadwinn,4
breadwinner,4
myah,4
preliminari,5
wrinkly,4
divorces,4
latenight,4
metaphor,4
caf√©,4
juan,4
mont,4
shepard,4
almighti,3
christie,4
crushed,4
digest,4
projects,4
rectum,6
bmw,4
copilot,4
islands,4
remiss,4
startup,4
texts,4
yawn,4
abusive,5
advisory,4
arguabl,4
bandwagon,4
bangs,4
blares,4
bluecollar,4
brahha,4
brahhahah,4
brussel,4
claps,4
condescending,4
creaks,4
criticisms,4
curios,4
dannon,4
distorted,4
eeri,4
escapades,4
evian,4
experiences,4
fingerbang,4
fletch,4
flozell,4
fluttering,4
footfall,4
giddily,4
groanlik,4
groggety,4
howls,6
inadequate,5
lapping,4
lulling,4
megroach,4
mushroom,4
obnoxi,4
orgasms,4
outstand,5
provide,4
rerererereturn,4
retches,4
schumai,3
screeches,6
selfishass,8
shortcomings,4
shrieks,5
singalong,5
slurping,7
sneezing,5
sniffling,4
sobbingsinging,5
sooth,2
stir,3
tearing,5
tttell,5
wolves,7
yawns,4
yogurts,2
yyyou,6
zitti,4
cockadoodledoo,8
carryon,3
moroccan,2
cutaways,4
eastern,1
butcher,8
howl,6
chiming,3
dumper,5
extraordinari,1
gagging,7
gong,5
theth,4
vanity,5
enforc,3
inherit,4
midwestern,2
portman,2
reclaim,3
sham,5
albino,5
butterscotch,2
equip,2
fires,4
gestur,4
iid,2
illness,5
kidnapp,7
louise,2
playdate,2
pros,2
robots,3
scotty,3
slipper,4
abruptly,3
baboom,6
cadillac,4
castingcouch,8
castiron,3
cougher,7
cycles,3
dealing,4
diaz,3
entitlement,5
ephron,3
goldblum,3
hayrid,3
herald,3
hhow,4
hillbilli,6
hobbit,6
huxtable,5
infus,3
ingenue,4
irons,3
kindhearted,1
knucklebutts,7
landscap,2
ledger,3
lindsey,3
manzelli,3
marmont,2
maybemayb,3
myer,2
myers,2
ncis,2
oakhandl,2
oedipusy,6
pantsmouth,5
pessimism,2
rotunda,4
scumbag,9
showed,4
statehous,3
statements,4
strawberries,4
tinactin,3
upandcomer,2
vampires,7
wayoutther,6
wilbur,4
woodsy,4
sharing,4
whowho,4
circuit,3
lol,1
prescription,3
scumbags,8
staircas,4
vegan,3
wages,2
acknowledged,2
analretent,7
anita,3
apb,2
beatles,3
bombard,5
breaks,4
buzzer,4
cabins,3
camper,3
campers,3
chirping,4
chriss,3
clanging,4
coffeemak,5
coldblood,5
corral,4
cyst,4
dishonor,5
dodgeball,6
ducks,4
eaters,5
fee,2
feeding,4
foley,4
forgav,3
fring,3
gibberish,5
groupies,5
haphazardly,4
hooting,5
huron,3
hushed,3
lid,2
magellan,3
notepad,3
patter,3
penzanc,3
riddler,4
rustling,4
sac,2
satisfact,4
scratchers,5
scratchoff,5
seger,3
spotter,4
strangled,6
towns,3
undef,2
unmark,4
vertically,4
wwhi,4
yamamoto,4
blart,5
denmark,3
llike,3
abduct,8
ahbabababa,6
apostrophe,4
arabs,3
ashtahn,4
auctions,4
booked,3
bounds,4
breaths,4
brunel,3
butthol,8
cabbuh,4
calmer,3
casio,3
colognes,4
diagon,3
dink,4
dix,3
drakkar,3
dukes,4
enhance,3
ethiopian,3
faisal,3
faves,3
foxwood,3
foxwoods,3
freerun,3
goodbee,3
grisli,3
hoarders,5
hohohohohohohohoho,7
hohohohohohohohohoho,7
hooey,5
hustle,4
iiid,7
iiive,7
ininstead,5
jackhammer,8
jacqueshammer,8
kabob,6
knowhow,5
kootchere,6
lookout,4
morton,4
neuf,5
ohhohohohohohohohoho,9
oww,6
oxfam,5
parkour,6
paying,3
picturesque,4
pont,5
popsicle,6
proce,3
ratner,3
salesmen,5
samantha,4
semester,4
sexslav,8
sharr,6
shish,5
smugglers,6
stabbin,7
stuntperson,6
sunkiss,5
teamwork,4
throne,5
trois,5
unforgett,6
wristwatch,4
ziss,4
chime,2
craigslist,4
duplic,2
hoses,2
rides,3
somalia,2
mwah,5
bartender,5
gremlin,6
ansari,4
aziz,3
cari,4
hamm,4
koala,4
metric,3
neon,3
onewoman,4
weiner,5
ehh,4
murmuring,4
abcs,3
accelerate,5
accelerating,5
acceleration,5
ahahah,6
ahblah,6
angles,4
barista,5
bizarre,4
blahblah,5
blahnahwah,6
bookshelves,5
boxbust,5
cinder,4
clucks,4
cornerofthemouth,5
ddddelicious,6
desegregation,5
devastation,5
dilation,5
extraordinary,4
farkshekoosh,7
inversion,5
invert,5
klum,4
lllois,4
meltdown,5
poopfil,6
preambulatori,5
recalibr,5
regress,4
repaired,4
selfconfidence,5
sixcd,5
skanks,6
stutterer,6
surmis,5
thumping,5
traveled,4
turdfil,6
unteething,6
wahhahahaha,8
whoosh,4
bisexu,6
donuts,4
gimp,6
longtim,4
barren,4
blog,3
filli,4
tomboy,5
unspoken,4
appropriate,3
bio,3
brazil,3
denver,3
lettuc,5
welldon,4
leftov,5
slaughter,6
blender,5
spots,4
lowenergi,4
unacceptable,5
doctors,4
legit,4
mediev,3
arcade,4
assassination,6
binghamton,4
cannib,6
depositori,5
depository,5
doth,4
eightciti,4
exgirlfriends,5
giggle,4
glenda,4
grandniece,5
halfpersian,5
holderdown,5
icicl,5
kama,4
lovemaking,5
magistr,4
mallets,4
monthly,4
paradis,5
putitthere,5
rolledup,5
saggi,6
scumdog,6
selfabsorb,5
sleepbreath,6
speakers,5
spotti,5
stabbi,6
sutra,5
s√≠,3
toby,4
vajmire,4
bozos,5
len,4
represent,4
threehour,4
ahkeep,5
baranski,5
birdhous,6
birdhouse,5
birdhouses,6
bonin,5
bowflex,5
braggy,5
cheater,6
christin,5
christine,5
chu,4
cybill,5
departur,4
doubleteam,6
fetuses,6
fourperc,5
fullon,4
hhi,4
kicks,4
maryann,5
nosex,5
openmouth,5
overhear,5
phonin,5
piqu,4
r√©sum√©,3
sadsound,4
saleswoman,5
scatterbrain,5
secretari,5
sidecar,5
stewman,5
tits,6
voiceover,5
welp,4
wheelmonst,5
williamssonoma,5
xerx,7
xerxes,8
yokohama,5
youyouyouyou,6
cafes,4
cried,3
fallin,5
hayek,2
lapband,8
salma,7
sunburnt,6
ululate,7
arbi,3
atthebeach,4
bartobar,5
castaway,6
crockett,5
davy,6
farter,9
foremost,3
gratuitum,4
guatemalan,6
hemsworth,3
invade,4
ivi,3
jugand,5
kilometers,4
layov,5
mammograms,6
mesdam,4
mmeg,4
mmotherhood,5
monsieurs,4
montreal,5
motherhood,6
newsweek,4
nitrogen,4
nullum,3
onenight,5
ouioui,6
planington,5
prandium,4
pube,7
puck,5
rattlesnakes,6
regroup,4
reintroduc,4
relearn,4
scribbl,4
snares,4
suzanne,5
takeitallin,5
thousandmilelong,5
wellwel,5
xviii,4
xxiv,4
antibodies,4
backstage,5
bears,4
carr,4
deadend,4
debut,4
diddi,4
diddy,4
funnyman,4
giraffes,5
gizmo,5
gyro,5
innings,4
jagoffs,5
kendra,4
kesy,4
liebowitz,4
mangi,4
middleborough,4
minnow,4
minx,4
moroccans,5
nicknames,5
nobler,4
oogabooga,5
overcam,4
pathogen,5
pinheads,5
polecat,5
quags,4
seventen,5
shipshape,5
supersaf,4
swanni,4
swanny,5
sweettalk,4
tollbooth,4
trapez,4
vikki,4
volvo,5
youme,4
zani,4
affectionate,1
ankles,2
badfortheenviron,1
barricad,1
bart,1
bethesda,1
blush,2
cathet,1
clammers,1
competitor,1
demolish,1
documents,1
dougan,1
encounters,1
endoftheyear,1
frowning,2
gunn,1
homes,2
hotness,2
inin,1
lacrosse,2
lipsitz,1
mannings,2
maryland,1
molt,1
newborncalf,1
peyton,2
poppop,2
quicktim,1
rememberrememb,1
soccerals,2
softballrel,1
specialties,1
styrofoam,1
superbl,2
supersed,1
thatdthatd,1
unstretch,1
crossbow,3
ist,1
packin,2
wwhen,1
archibald,2
bellagio,2
blackjack,3
borrowed,2
ccould,1
crepe,1
goon,2
hitchhik,2
hotels,2
indicat,1
infertility,3
initial,1
invalid,2
isatwork,2
kinet,1
lobby,2
lookalik,2
lookalike,3
meatpant,3
meatpants,4
mykono,2
noncommitt,1
recheckin,1
richguy,2
roulett,2
scanned,2
schmuck,3
scissor,2
sweatpant,3
ththese,1
utmost,1
whileyourwife,1
yourwifesparents,1
boos,2
cemeteri,2
cursiv,1
distribution,1
expire,1
heede,2
hode,2
incub,1
loves,2
mcfly,2
misses,2
mouthtonos,3
patiently,2
plaque,2
renal,3
resuscitation,3
reverence,2
seeker,2
shutdown,1
sits,2
straightforward,1
suzuki,2
tucket,2
volunteers,2
waistband,3
gaylord,2
acceptable,1
assimil,8
emo,9
fatpeopl,10
gaah,9
grosser,8
needy,7
notsopointi,9
pbsing,8
redbeard,8
slamming,10
suckbag,10
undercarriage,9
wartim,9
whalecome,8
workingclass,7
dungarees,3
eggshel,2
falldown,4
greengrass,3
headclean,2
hitchhiker,5
hogans,6
impossibl,5
interestingly,2
lynda,2
majorleagu,5
marrying,4
mentholyptus,2
overstepped,4
physicallyfrail,3
pinwheels,4
postwed,4
pretens,4
registry,3
rewinder,3
simplifi,2
sousa,2
threeday,4
timeworn,3
trains,3
vastlyunderdress,5
visually,2
wackazoly,6
waiwait,4
addicted,2
afterpap,2
afterrun,2
averagelook,2
bathhouse,4
boardwalk,4
candidate,3
cheezit,6
crapfest,5
dentures,4
exponenti,5
fallopian,6
fingertip,2
geometri,3
hourandahalf,4
invoic,3
irreversible,4
isoscel,3
ititit,2
jewbacca,5
listens,2
marlin,3
microcephal,4
misunderstandings,4
nascar,6
nname,2
oheeoheeheyyo,6
outsmart,4
palpatine,5
paperget,3
parliament,3
postponed,4
proport,3
punctuat,3
quitting,4
repaid,3
scarface,5
shorty,3
sickly,4
smokers,4
terribly,4
thereof,3
thirdname,4
trailers,3
uglier,4
vulva,5
woken,3
zingers,5
zucker,3
bryan,3
goate,4
headsup,3
mayhem,4
sneezes,4
speakerphon,3
vindictive,4
grapefruit,4
minnesota,3
ruffalo,4
allnight,4
nod,2
sso,2
sites,2
springfield,3
amid,2
appreciation,3
apu,2
barkley,3
bloggers,3
bunker,4
cartoonist,3
chp,2
clemens,3
coes,3
crossov,4
curbsid,3
desperation,4
detached,4
dishwash,3
duff,3
earthl,3
faulkner,4
flanders,4
flurri,3
funnysound,2
haben,2
halfbirthday,4
hawhaw,2
homer,3
hoov,3
hottub,3
hummus,3
imitations,4
individual,3
infringed,4
jimbo,3
keebum,3
krusti,4
kwikemart,3
livelihood,4
mandela,3
marg,3
marge,3
mcmahon,3
misogynist,4
misogyny,4
moe,3
moremor,4
oili,3
oneshot,4
outrage,4
pale,3
plagiarized,4
prepaid,3
probation,4
railthin,4
retel,3
ruff,3
rumors,4
saxophone,3
sights,2
skinner,3
steady,3
steinem,3
stools,3
subreddit,3
substitutions,4
superglu,3
surfed,3
tallow,3
tavern,3
trophies,3
variations,3
wholli,3
yabbadabbado,4
yeahhehheh,3
airbrushed,3
artistic,3
auxiliari,3
backgrounds,3
bandaids,4
bison,4
bono,3
brushes,2
calv,3
capitalj,3
ccaptain,3
ceelo,3
chekov,3
chloe,3
companionship,3
craycray,5
crossleg,4
dilithium,4
ebert,3
endorphin,4
gutbust,5
hopeful,3
inflatabl,4
intimaci,4
kooky,3
lasers,3
legume,4
outfitters,3
outofd,3
phaser,4
piermont,3
pinhole,3
presidents,3
runners,3
sinewy,4
steenburj,3
temp,2
twothird,1
wimp,6
woodchuck,4
sleepi,1
active,1
ballplay,3
baumbakis,7
bullseyes,5
buzzfe,8
candies,1
capp,1
compromises,1
condiments,1
downther,1
eighteenyearold,1
eightfoot,1
facilit,1
factoid,1
frontyard,1
fudgsicles,3
fullsiz,1
hitchhike,7
horrors,1
jcpenney,1
kaya,1
listicle,6
luv,4
mantle,1
movember,5
opener,1
pedaling,4
radius,1
rober,1
rollerblading,4
roustabout,1
sized,1
squeezabl,1
stamina,1
sweaters,1
tooralooralooral,1
turkeys,5
unashamed,1
uniforms,1
woolen,1
yahoos,1
ygay,8
detector,1
kansas,1
mahogani,1
nein,1
wewev,1
almondcrust,1
amazeballs,9
awesomesauce,10
baldhead,6
bazinga,7
breached,1
bria,1
buzzin,5
centiped,2
chesney,1
citat,1
consciousness,1
cottoney,1
cutlet,1
dax,1
described,1
empirically,1
ensnar,1
essential,1
fatspol,1
faustino,1
foggi,1
forego,1
gratuitous,1
gunk,1
hark,1
hashtag,1
headon,1
hoff,1
hotline,1
intelligently,1
jamba,1
joe√Æ,1
leigh,1
methink,1
millipedes,1
mire,1
nom,1
outflank,1
pdog,1
pencilandpad,1
phyllis,1
pilotson,1
prognosis,1
quasiknowledg,1
reexpos,1
refin,1
reloading,1
salon,1
schwing,1
sistas,1
stupidity,1
superfici,1
superpower,1
surreal,1
swan,1
tags,1
teens,1
townsfolk,1
truncheon,1
tupperware,1
twowien,1
unilater,1
wondered,1
xxy,1
getaway,1
kites,1
ththis,1
ackerman,1
alfredo,1
allie,1
arboretum,1
baltar,1
baristas,2
battlestar,1
becca,1
busboy,1
busboys,1
conan,1
cub,1
cylon,1
deets,1
desi,1
doublefoam,1
facetofac,1
fettuccin,1
gab,1
gackerack,1
galactica,1
gals,1
girlfriends,1
heyyo,1
highheel,1
homophobia,1
jamie,1
kneecaps,1
knelt,1
ladystyle,1
lamar,1
latte,1
laughscream,1
lucill,1
mayonnaise,1
nofoam,1
odom,1
offlimits,1
ohee,1
oncologist,1
pallbearer,1
pediatr,1
petco,1
plainlooking,1
ppeopl,1
repurpos,1
ribbing,1
roasted,1
sammy,1
shreds,1
snapchat,1
tallest,1
tallywhack,1
tighten,1
trampl,1
underhand,1
barrier,1
bass,1
booboo,1
boyne,1
conquest,1
conquests,1
darlin,1
deader,1
eckhart,1
enjoyable,1
famously,1
feisti,1
fingersniffing,1
freshenup,1
glutenfree,1
hhowd,1
hopin,1
houseboy,1
illillill,1
inflict,1
irresist,1
juror,1
justregular,1
kinkos,7
kinsey,6
kook,5
kraken,4
largemouth,4
marys,6
nards,5
oskar,4
posted,3
quagfest,5
rashi,6
ravings,3
schindler,4
slipup,5
squared,3
sweetarts,3
thailand,2
therestheres,3
tonto,5
vengeancecraz,8
vibrations,4
waterbury,2
weathersfield,2
wolv,5
worldfam,4
bubl√©,6
jungle,4
tourists,3
wendi,5
adapt,2
adhd,4
apps,2
arasha,3
balsamic,3
bardem,4
calculators,2
chefs,2
chotch,4
clove,2
cloves,2
comet,3
cookoff,4
cooks,3
crayon,2
crusad,4
cyberblood,6
dandruff,2
deekaba,4
deen,3
dehumidifier,3
difranco,4
drippings,3
duis,4
energ,2
ewiets,6
excitable,3
eyesopen,3
finelychop,4
fivecours,4
fivespic,4
freemuffin,5
gabi,4
garlic,3
gastropub,4
glaze,3
goblins,4
grated,3
greens,3
headtohead,3
hishis,3
housesat,3
hyperspe,4
illiterate,2
ingredient,3
interstellar,4
kinds,3
meats,3
medallion,4
medicated,4
medicines,4
meds,3
mesclun,3
molassey,4
morrin,4
nebulon,4
noway,3
orlando,3
paella,3
pillowworld,3
plank,3
plitcho,4
preheat,3
productive,2
rea,3
rearrange,3
reduction,3
restore,3
samson,4
selfseal,6
shallots,3
sheeple,6
shire,3
shrimps,3
slowroast,3
souffl√©,4
stewez,4
tablespoon,2
tartar,3
teaspoon,2
traceabl,3
unique,4
unmotivated,6
vernon,3
webmd,3
wieest,6
wired,3
breakup,4
rodeo,3
ruse,3
asperger,6
crockpot,4
ambassador,3
chimes,3
georgia,3
mellencamp,4
miniatur,4
makes,3
triscuit,3
transgend,6
biden,3
demo,3
halfman,3
marlon,4
dropped,3
pounder,3
beig,3
bingewatch,5
emotionless,6
samsung,4
airs,3
bitcoin,5
brosnan,4
bruised,3
bundl,4
burlesqu,5
cages,3
connai,3
corsage,3
coyote,4
cyberbulli,6
dexter,3
directors,3
doorless,3
engagement,3
espresso,3
evites,4
exceptional,4
freshsqueez,5
freshsqueezed,5
funnydumb,5
godzilla,4
goosebumps,4
groaner,5
hardens,3
locket,3
merrygoround,5
metaly,4
narcotics,6
nonfam,4
nonpay,4
numnumnumnum,7
numnumnumnumnum,8
numnumnumnumnumnumnum,9
numnumnumnumnumnumnumnum,10
onthesand,3
payday,4
premix,4
scarv,3
squeezin,6
stayed,3
suismoi,6
sunburned,4
sunnydal,3
sunnysideup,5
supersmal,5
tappin,5
une,3
viens,5
voiceactiv,4
buildabear,5
frenchcanadian,4
showtim,4
unsalt,4
hookups,5
selfi,5
orchid,4
bentley,5
loner,3
playdat,4
tumblr,5
assumpt,8
bamblr,8
bbbbird,8
bumble,8
bumblr,8
butthorns,9
buzzard,8
cheeri,7
chewy,7
computers,5
consensu,7
cruising,6
cuchi,7
deported,9
deterior,7
discreetcrepecom,6
disprov,6
drizzle,6
dumpys,8
entitled,8
explicit,6
extended,6
famblr,7
fappening,9
hehesh,7
hotcheewawa,7
jewpiter,6
masculin,7
microwave,5
miscalcul,7
nutella,5
ofof,5
seasonal,6
seedier,7
smirked,7
sofÌa,6
sprinklers,6
strawberrybanana,6
supercut,6
thorpe,6
threes,6
tipoff,6
untapped,7
vergara,6
wayans,6
weav,6
wildfire,6
shutterbug,3
statham,2
streaming,5
tenderloin,4
thickness,1
transvagin,7
tryouts,6
unhealthi,8
warmups,5
waving,2
www,9
yellowbil,8
reinstat,7
allorganic,5
appears,3
blain,2
blaine,2
blowouts,6
chapo,6
cherries,4
cuties,6
detour,4
dollywood,4
eepapapapapa,7
headfirst,5
isabella,3
juicy,4
lemons,4
manslaughter,9
marionette,5
masturbation,9
mencia,7
mongeese,8
mongoos,8
mongoose,8
nohormon,7
nongmo,6
peh,6
pehpehree,7
pehpera,7
pehreebow,7
perabo,6
peraboo,6
peraperaboo,7
perperabow,7
policÌa,3
secondari,5
skittl,6
soaking,5
starburst,6
trump,9
vehicular,5
voovoo,6
wiper,5
butterworth,4
orvill,3
abbey,3
acclaim,4
akira,4
alejandro,4
asa,4
ative,4
bowen,3
briefcas,4
burrell,4
category,4
committe,4
conspiraci,6
construction,5
designation,4
diagnosis,4
diversity,4
dramas,4
emmywin,5
emmywinn,5
ferris,3
fiveo,6
fleetwood,4
gaffney,4
genderreassign,6
ggo,6
governors,4
gradual,4
grovel,4
hiding,2
jugg,5
lili,3
liz,3
longsuffering,5
madre,3
michelin,4
mon,3
monoton,5
oneal,3
paddleboat,4
rhimes,2
shipping,5
shonda,2
sopranos,3
submiss,6
supremes,3
vedder,2
visible,5
wellrepresented,5
yeahah,2
geico,4
astray,2
bantam,2
basketballs,4
baywatch,4
baywatchmovie,4
callus,3
canuck,4
curt,4
dingi,2
disapprov,4
dogbackward,3
drunkard,7
eliot,4
evryth,4
fireeveryone,6
footandmouth,7
gopu,6
harassed,6
lumineers,4
mango,4
microaggression,6
mimic,3
noshow,5
oompatrumpa,9
parrots,4
postjok,6
protesterrelated,6
rejection,6
retweets,6
rtd,6
sid,3
thinkingintweets,6
thyme,3
tito,3
transsexu,7
tweeted,5
whomever,4
cuss,6
placement,4
diminish,4
apartments,4
attempts,6
beset,6
capo,6
discus,5
dow,3
dumpl,4
fad,3
fallout,5
follies,5
graphics,4
highball,4
javelin,4
juke,5
knuckledunk,5
longestrun,5
moonshine,6
nevergonnalast,6
normandy,4
overheard,5
pang,3
presley,3
raleigh,3
rawr,3
selfawar,4
serrat,4
sleepless,5
snitch,6
songsmith,5
starching,5
stilt,5
sumner,3
tattletale,6
wheaties,4
genderfluid,4
bearer,3
boomerang,4
borgwort,4
boutonnier,5
cancerfart,7
clumpi,6
drinkpointoh,6
emergencies,5
flatul,6
gravitas,4
grumpi,6
hellhole,7
kni,5
limbs,3
llisten,3
maneuver,4
nonhodgkin,6
nypd,5
panera,4
pouch,5
proposed,4
samesies,7
schlotz,8
selvaggio,6
slashpant,9
subtitled,4
suitchute,8
tinazidine,3
verizon,6
zorn,5
alakazam,7
baskinrobbins,5
equaliz,3
flask,6
kylo,5
nay,2
paxton,4
pisa,5
poorlycast,7
ren,4
seawater,5
selfempower,6
stewbie,7
tombstones,6
whitaker,5
winked,5
yoozh,4
greenlit,5
anjelah,6
ansel,4
antarctica,5
arterton,6
cocaineandsushi,9
countersu,7
dethroned,6
elgort,5
endings,4
firearms,8
firefox,6
fukunaga,7
gargamel,8
gemma,5
gratuit,3
g√©rard,5
haden,4
hendrick,5
hideki,5
ithaca,4
kart,5
khakis,6
mumblekiss,7
offhand,5
partners,4
peski,5
pesticid,2
pipelin,4
recitals,5
recovering,4
rile,4
ringring,5
sacrificing,6
segura,6
shaquill,5
signifi,3
sixeight,4
somesomething,7
streeblu,6
substance,4
tepid,5
tutori,4
unoccupi,4
upperclass,4
vikings,5
wasabi,6
whwha,5
zoinks,7
vegetarian,5
notion,4
pane,4
melania,5
suffocate,6
chapters,4
filmmaker,6
transgender,5
poopoo,6
bearskin,5
bleachers,4
breakthroughs,5
callandrespons,7
charmin,5
collapsed,4
creatine,5
cruiseshipgrad,6
dimensions,5
enrich,4
euro,5
evene,4
fatality,6
fivefoottwo,5
fridgebodmeg,6
fruits,4
gifs,5
glozell,6
gnc,5
goldblatt,6
graceffa,6
hampshir,4
hampshire,5
hinges,5
inperson,4
insatiable,6
instagrammers,6
jiff,5
klick,5
lebowski,6
loaner,5
manliest,5
maven,5
mcgrath,5
memes,5
monocl,4
mosey,5
nabisco,5
olakes,4
opiat,3
otherworld,5
panc,4
pancresta,5
petestriscuitlifehacks,9
philosoph,4
pons,4
rasher,5
rashers,5
rectangl,5
rotted,4
safeway,6
scottheron,5
slowpok,5
solod,5
sportier,5
stacked,5
starch,5
streamingcon,6
touching,4
transformative,6
untap,4
vimeos,5
whitestrips,5
youtubers,5
albin,4
albinism,5
aquariums,5
biv,2
clayton,5
coachumpir,6
corinne,5
devoe,5
dogshak,5
donett,5
drogas,5
fainted,5
federman,5
federmans,5
flipped,5
fuji,5
hiyah,5
honeycrisp,6
kasem,5
kenny,5
keurig,6
loggins,5
mattel,5
monaghan,5
nancyboy,5
nash,5
parson,4
peasy,5
preesh,5
processes,4
referendum,5
relaxed,5
revel,5
roomie,4
stills,5
tapping,5
tevas,5
thinnest,5
thoroughfare,5
timbr,5
twodrink,5
warmedov,5
wastemak,5
wussies,7
¬ølos,5
avp,5
cams,5
cosign,5
dwindl,4
erverybodi,5
formaldehyd,2
glob,4
hutting,3
hypocrit,7
iida,5
jars,6
leaguer,4
meani,8
milehigh,6
ohare,5
ord,2
parentchild,9
publicly,5
quadrupl,7
scallop,6
selfediting,4
selfpublished,4
selves,5
smarti,8
steadicam,4
steinfeld,5
subt,6
tacs,6
tila,5
tries,6
wideopen,6
wilkesbarrescranton,7
affabl,5
alkaseltz,5
babsmobile,6
boister,6
changchangchangitychangshabop,9
chokemyselfawak,8
condomless,9
dadingadong,7
devious,7
eclect,6
enclos,4
faked,7
fancypants,8
gothic,6
guten,5
hammy,6
highsocieti,7
homebrought,6
inedible,5
kadingadadingadong,8
kaepernick,8
korbel,5
locht,6
milwauke,6
morgen,6
mueslix,6
numnumnumnumnah,7
oat,5
penrose,6
piebak,6
piemaking,6
promising,6
ramalamalama,7
ramalamalamakadinga,8
shafts,6
sheeran,5
shoobopshawadda,9
snobs,6
spoiled,7
steadfast,6
tweets,6
uncal,6
uppercrust,7
vanderploeg,6
waddayippityboomdeboom,9
wowed,6
agedefi,5
allsetup,6
bingeworthi,8
bingeworthy,8
blech,6
bojack,6
brainwashed,7
breakout,7
condol,6
confessions,7
corden,6
diving,6
edm,5
galleria,6
gday,5
glendal,6
greer,6
gritti,6
horseman,6
incorporated,6
jiener,6
karaoke,7
lasagnas,6
lasagne,6
laying,6
lesspopular,6
masturbating,9
morepopular,6
ninenine,6
nineten,6
nopunchlin,6
pebbleup,6
physique,6
pinecone,6
pornhub,9
professionalism,7
puckerkiss,8
puckerkissing,8
queensland,6
reboot,6
relev,6
riverdale,6
roadshow,6
skarsgard,6
smarmi,6
smarmy,6
stiffen,6
supernatur,6
tiestraighten,6
tweaks,6
tweez,6
ubere,6
verse,6
windower,6
winery,6
albertine,5
allergy,6
arise,5
baptized,6
blockbuster,7
breakf,6
brewing,6
bugsteins,6
campfirecrackl,6
civilization,6
claims,6
comedies,6
corporal,6
couches,6
countedout,7
dominant,6
doublexl,6
eavesdrop,6
exposur,6
forgo,6
frazzl,6
gurglemax,6
hisses,6
iranian,6
ironon,6
mend,6
morals,6
nuisanc,6
offcamera,6
oogiewoogi,6
ordin,6
percentages,6
pitchfork,6
prominent,6
rehearsals,6
rollups,6
selfpleasure,9
shinin,6
silverchair,6
summarize,6
thirsti,6
ththose,6
toxoplasmosi,6
trimmings,6
yyoud,6
mcclane,6
babyviolin,6
bounced,6
comf,6
explicitly,6
fizzing,6
gongs,6
heartwarm,6
idaho,5
itsybitsi,6
llast,6
malls,6
paterno,6
piggi,6
platforms,6
shewee,6
shiniest,6
soundly,6
thatsi,6
thirdversenobodyknow,6
unconditionally,6
vitamix,6
vizio,6
walgreens,6
warwick,6
yippeekyyay,9
deepak,7
Bubble,4
Cake,3
Dude,7
Fart,9
Idiot,8
Jerk,8
